<?xml version="1.0" encoding="UTF-8"?>
<project-private xmlns="http://www.netbeans.org/ns/project-private/1">
    <editor-bookmarks xmlns="http://www.netbeans.org/ns/editor-bookmarks/2" lastBookmarkId="0"/>
    <open-files xmlns="http://www.netbeans.org/ns/projectui-open-files/2">
        <group>
            <file>file:/C:/Users/yyang/Desktop/week2quiz/src/task1/Task1.java</file>
            <file>file:/C:/Users/yyang/Desktop/week2quiz/scores.txt</file>
            <file>file:/C:/Users/yyang/Desktop/week2quiz/src/task2/Task2.java</file>
        </group>
    </open-files>
</project-private>
